update,epoch,batch,batch_size,free_energy,test_mse,invalid_predictions,mean_gate_mass,min_gate_mass,min_var_w_mean,median_var_w_mean,max_var_w_mean,min_var_w_a,median_var_w_a,max_var_w_a,max_precision_w_mean,max_precision_w_a,mean_w_mean_slope_norm,max_w_mean_slope_norm,mean_w_a_slope_norm,max_w_a_slope_norm,mean_abs_w_a_bias,w_a_bias_slope_ratio,gate_active_fraction,mean_effective_gate_count
1,1,1,24,-8.186960939788385e7,0.20831806787924617,0,879.2303227108903,458.8111839946759,0.011957288788652017,0.06129144302016898,0.15556169338597547,8.019272886530884e-7,9.224765037006507e-7,0.002595542728706609,123.5228032562208,1.8238319008766508e6,0.1987994982788226,0.420186516550278,26.2900257472877,133.45468110310816,53.55720370792542,2.037168172551175,0.9621651785714286,10.082848084438664
2,1,2,24,1.026400823929963e6,0.20955268695214246,0,879.1889487072978,458.89388270092036,0.010205847574717866,0.03474881037148962,0.06771689360788172,8.017046154711732e-7,9.222151260323797e-7,0.002550179850013512,133.03777878583335,1.8240517025750766e6,0.12235791785609768,0.22439637938345186,26.25747143001724,133.41020075498926,53.55558286650602,2.039632148481818,0.9622209821428571,10.08610234827477
3,1,3,24,517575.4341083331,0.20901994035668192,0,879.3690288422051,459.18017927026835,0.009543720454138068,0.029708796526444762,0.05405608346736561,8.017012939707346e-7,9.222121912413936e-7,0.00253022824819186,138.77884720701977,1.8240564337096119e6,0.10702179930209807,0.2010223223075848,26.262631414021033,133.4101824497975,53.56692683211253,2.039663352375053,0.9622209821428571,10.088238611324007
4,1,4,24,384235.18060605077,0.20977157194341792,0,879.4151290551235,459.44316435795656,0.009069358102409482,0.02668744955615553,0.04588167815710459,8.016987652782593e-7,9.222097639826751e-7,0.0025144522129379753,142.64131991920888,1.8240591607681706e6,0.09551962325982352,0.19292551977996672,26.25455610198796,133.4098540208898,53.56972008961963,2.0403970983749904,0.9622209821428571,10.08982442039711
5,1,5,24,277359.6603110244,0.20981083015277396,0,879.4395284295884,459.6013066233169,0.008822576391762649,0.024982108057306242,0.04164734495249684,8.016971166028425e-7,9.222080181631791e-7,0.0025041910445141604,145.27297688255646,1.824060912008413e6,0.09104783772420096,0.18684421654304675,26.247997139151032,133.40978645799942,53.57116284394504,2.0409619278736995,0.9622209821428571,10.090897222514272
6,1,6,24,245571.1601234768,0.21002824330688655,0,879.4849861273946,459.76344095913794,0.008630981591353778,0.023824672454565154,0.03892982124421388,8.016958769911651e-7,9.222063798775557e-7,0.0024959605997101893,147.0980594846643,1.824062061778262e6,0.08445404416788949,0.18158959684989343,26.245938736055813,133.40952459249132,53.57398962957292,2.0412296991295924,0.9622209821428571,10.091808386162436
7,1,7,24,150523.87717242833,0.2092398329827317,0,879.4645222273448,459.83754977251925,0.008501853801993826,0.022821856987628286,0.03675405796431531,8.016949438199479e-7,9.222051218198398e-7,0.0024904048772611594,148.75163619015837,1.8240630886945117e6,0.08338896420288833,0.17696094831874043,26.237468189901698,133.4093604292007,53.57259928724056,2.0418357022671736,0.9622209821428571,10.092402802548976
8,1,8,24,112145.38067294048,0.20900889814871723,0,879.4859156319094,459.88184729439604,0.008361436402707454,0.021826319843634867,0.03435301749900994,8.016941630602938e-7,9.222042465357256e-7,0.0024844867905402163,150.36387377553365,1.8240640821666962e6,0.07826158291620808,0.1714272806500537,26.234981931351886,133.40932307846995,53.573907076538944,2.042079053712475,0.9622209821428571,10.092970465143209
9,1,9,24,154556.3357978957,0.20867778477570487,0,879.4618272315299,459.8597518997042,0.008168974666452538,0.02079419747754363,0.0327325791938501,8.016929062736409e-7,9.222029555508997e-7,0.0024783072015761697,152.55202329393973,1.8240653508101772e6,0.07587125751984987,0.16578467687441173,26.229905765247857,133.40927122736062,53.57232937940336,2.0424141001063614,0.9622209821428571,10.093132787576828
10,1,10,24,115876.11459051096,0.20895652737997855,0,879.4892313263507,459.9139749525261,0.008064291595224612,0.0201458877273375,0.031397215078260224,8.016922435248936e-7,9.22202186144848e-7,0.0024735846425358423,153.74315089869603,1.8240660382715191e6,0.0747220899101598,0.16436237547192317,26.229905735796226,133.40912775300856,53.57404945493446,2.042479679285366,0.9622209821428571,10.093539536594273
11,1,11,24,91648.32993430697,0.20896262624579948,0,879.5276770549395,459.98820773284194,0.007929326706669048,0.01958989416006559,0.030246130958017654,8.016913745916156e-7,9.222014355635228e-7,0.0024687531589990402,155.24038267075235,1.8240668640868631e6,0.07437576294417966,0.16183723106373715,26.230644079003767,133.40907777044742,53.57646902780761,2.042514429551988,0.9622209821428571,10.094033088611457
12,1,12,24,118842.79193871035,0.2093604860529347,0,879.5283772455555,460.01093539032513,0.007829872549716446,0.019049704505449818,0.029284973321649425,8.016906553739329e-7,9.22200589160168e-7,0.0024639724974804588,156.16102012045718,1.8240673755344094e6,0.07409165774392608,0.16148831658416293,26.22861334171855,133.4090715136804,53.576487056578,2.0426732575816593,0.9622209821428571,10.094252283181513
13,1,13,24,113197.94097599505,0.20968507833773675,0,879.5574473695103,460.03872860677114,0.0077199659999383965,0.01857083727143195,0.028542153340382712,8.01689835468755e-7,9.221997960519127e-7,0.0024595608653110905,157.37240565411616,1.8240680421461095e6,0.07391843941666096,0.16076028027167685,26.230697779747082,133.40904762416025,53.578336310921706,2.042581434958621,0.9622209821428571,10.094464719116294
14,1,14,24,84362.53297362318,0.21003333086473067,0,879.5769910588629,460.1749197642175,0.007643963714228432,0.018097635981902442,0.02776114205647559,8.016894145779994e-7,9.221992293279248e-7,0.002456650499682788,158.73208148297869,1.824068793378783e6,0.07210080747691007,0.15815739818472932,26.22761578962414,133.40898116724298,53.579524577817956,2.0428667633225914,0.9622209821428571,10.09508623153494
15,1,15,24,69456.73714364952,0.20982713365033154,0,879.5845336028864,460.2402546292232,0.007586639096649741,0.01776746232176099,0.02703504319209272,8.016890540880942e-7,9.221987220884423e-7,0.002453664523513701,159.5243097534575,1.824069228839607e6,0.06935609505644233,0.15464697289519488,26.22519766895536,133.40886542491498,53.57996932074075,2.0430720865134675,0.9622209821428571,10.095452437311392
16,1,16,24,72277.26233559122,0.20955314981110273,0,879.6015138147395,460.2994919952793,0.00751423481929771,0.017445084554719367,0.02649533340879851,8.016885296557459e-7,9.221981812237639e-7,0.0024507684780151855,160.54042840494833,1.8240697699780078e6,0.06822471219030048,0.15265463201617646,26.224627064113022,133.4088472849243,53.581026430657246,2.0431568502257167,0.9622209821428571,10.095765691501953
17,1,17,24,71931.61308694983,0.20968703302288652,0,879.6168681950617,460.328567661389,0.007439444384983725,0.01714041301148813,0.02596896442420321,8.01687998766688e-7,9.221977221437317e-7,0.0024476543813703442,161.55532757934017,1.824070325133365e6,0.06682742697834783,0.15130073864939828,26.224696818642517,133.4087802919193,53.58199093027422,2.0431881939692835,0.9622209821428571,10.095984750565266
18,1,18,24,70861.00507588084,0.20974996726644146,0,879.6211648075705,460.3792663471289,0.007374716266773502,0.016870651576480114,0.025482710098873165,8.016874960955283e-7,9.221972386342146e-7,0.0024446157204614342,162.37487104611395,1.8240707683101979e6,0.06633737716569064,0.15077288593460617,26.222724693610285,133.40878831594802,53.58223438613416,2.043351139601088,0.9622209821428571,10.096254006242601
19,1,19,24,51629.71629872659,0.20977904899591288,0,879.6451578382889,460.4285883693368,0.007312753311451583,0.016644062464618532,0.025012103540336367,8.016870444353604e-7,9.221968994537156e-7,0.002441843259223144,163.2268434680725,1.8240712353883896e6,0.06522023356603862,0.1496066205861877,26.223457070955575,133.4087310125199,53.58374865251589,2.043351816944985,0.9622209821428571,10.096534117072299
20,1,20,24,82823.16106974395,0.20992800328971092,0,879.6560418491935,460.4717430124659,0.00724953680336136,0.01641869851908124,0.02466042759803204,8.016864862931505e-7,9.221963055107293e-7,0.0024388600904954785,163.94341397871187,1.8240716226819493e6,0.06509450247253093,0.14981572793395379,26.223008497727267,133.40871814009097,53.5844250509516,2.0434125647938424,0.9622209821428571,10.096743574351509
21,2,1,24,1.0152496847134954e6,0.20869708590249494,0,902.1551637232188,472.2283970904694,0.008635416009660729,0.017872114539605563,0.026344919116566307,8.222361986238776e-7,9.458349742445968e-7,0.002497570762728064,133.06273823641456,1.7784758708164836e6,0.05619822224226975,0.13641121219940905,26.89327756932065,136.82854804291048,54.954855301050266,2.0434420891762834,0.9622209821428571,10.096212921112048
22,2,2,24,7186.629910080981,0.20923408566182014,0,902.1736407336484,472.24324929844187,0.00886487837651446,0.01873639179366818,0.02743258158382415,8.222420521692239e-7,9.45841845397797e-7,0.002498617144605039,130.68399442052458,1.7784703757740562e6,0.058791419666935615,0.1386886797880462,26.89402212645162,136.82939102381303,54.95601011331251,2.043428456142323,0.9622209821428571,10.096349473577776
23,2,3,24,7184.704930367872,0.20929084232232562,0,902.180308047951,472.2489536535517,0.008986779713797967,0.019086958113782998,0.028103562319383088,8.222421395154944e-7,9.458419225750646e-7,0.0024990951929694276,129.24872738306382,1.7784702574957267e6,0.0602558354237954,0.14174904081016967,26.89422343092375,136.8294023108453,54.9564296091437,2.0434287589785254,0.9622209821428571,10.096422981258652
24,2,4,24,7185.325313291727,0.2091967475839899,0,902.1854763718827,472.25325797904577,0.009086269122177689,0.019419902117464825,0.028671416993252145,8.22242206013496e-7,9.458419864059182e-7,0.0024994777154105446,128.28310926933733,1.7784701893192949e6,0.061288981756969244,0.1430092011652699,26.894438949274942,136.8294121012517,54.95675562315744,2.0434245059660947,0.9622209821428571,10.096474194707634
25,2,5,24,7184.480008022154,0.20919999316631196,0,902.1891166225172,472.25604135437413,0.00914558330505541,0.019682732316473658,0.029109158838026422,8.222422493695839e-7,9.458420323168061e-7,0.00249972983613776,127.62519508593633,1.7784701455383175e6,0.06189688480026087,0.14409929626421378,26.894585587614046,136.82941847564462,54.95698517971928,2.0434218999466203,0.9622209821428571,10.096510709051323
26,2,6,24,7183.2665571393845,0.20918365727277088,0,902.1921237985872,472.25782488969435,0.009193493223594048,0.01993366827301888,0.029460192323883506,8.222422819684118e-7,9.458420754000237e-7,0.00249993379873226,127.16892448458347,1.7784701167940958e6,0.06293548920089265,0.14515258429858133,26.89473062084949,136.82942491964826,54.95717509355348,2.0434179419127276,0.9622209821428571,10.096538421505864
27,2,7,24,7186.5254867738,0.20934118678715066,0,902.194141762782,472.2599773887922,0.009229485183561485,0.020162551855067656,0.029788383687241522,8.222423065087062e-7,9.458421084842232e-7,0.0025000728354664594,126.75553036049759,1.7784700911212158e6,0.06323978617261958,0.14626337254539676,26.89478234738811,136.82942828348968,54.95730195399679,2.043418728738438,0.9622209821428571,10.096561670868983
28,2,8,24,7183.220627823877,0.2094097778557471,0,902.1959094061481,472.26299804309826,0.009269048385803605,0.020371870517337062,0.03016461201784028,8.222423270410103e-7,9.458421315024334e-7,0.002500221847359632,126.3524710207853,1.7784700662844395e6,0.06429192407631526,0.14753116225934795,26.89479742569908,136.8294306622664,54.95741270364815,2.0434217009990974,0.9622209821428571,10.09658526040144
29,2,9,24,7185.279938815693,0.2095083319506333,0,902.1979780007439,472.2647562835439,0.009326924490884021,0.020586922097740067,0.030467516782753133,8.222423600918404e-7,9.458421654526896e-7,0.0025003773461261753,125.80543372406275,1.778470034568394e6,0.06489082025369729,0.14893579324734021,26.894891915815684,136.82943485559974,54.957543298935136,2.043419377588837,0.9622209821428571,10.096604968945337
30,2,10,24,7183.6462541499095,0.2094412049262906,0,902.1995860259007,472.26655969254836,0.009359534472631562,0.020735252700504782,0.03075384636173692,8.222423775207766e-7,9.458421856865694e-7,0.002500497269118964,125.50765187328989,1.7784700173818858e6,0.06508569428380806,0.14926027478273923,26.894940300450408,136.82943742586124,54.95764449724851,2.0434194641557966,0.9622209821428571,10.096622831216365
31,2,11,24,7184.6672840177525,0.20945561738678126,0,902.2011677230987,472.26865302736644,0.00940381402503285,0.02087289460232601,0.031027414872309075,8.222424003719982e-7,9.458422054254054e-7,0.002500620294924141,125.13334399646399,1.7784699967365356e6,0.06518283430507128,0.1499571944212528,26.89498751441533,136.82943941749136,54.9577440756259,2.0434195794353625,0.9622209821428571,10.09664051863988
32,2,12,24,7183.750726062135,0.2093555734437184,0,902.2028491709528,472.27006233844,0.009437217249122276,0.021016952022701686,0.03127615575850135,8.22242419286021e-7,9.458422276842248e-7,0.0025007425493933076,124.90318467959396,1.7784699839503695e6,0.06517368176488067,0.15002632221745268,26.89506900853473,136.82944264358497,54.95785030815193,2.043417337606084,0.9622209821428571,10.096656080960347
33,2,13,24,7184.687479322758,0.20927434958306532,0,902.2044341367649,472.271189796654,0.009476521940254551,0.021142056427448055,0.03148870232366463,8.222424408479895e-7,9.458422485415156e-7,0.0025008558391630257,124.60033836214848,1.7784699672851101e6,0.06518879531980587,0.15023158944049628,26.895153163740282,136.8294455591038,54.957950547058786,2.0434146707575707,0.9622209821428571,10.096669990072616
34,2,14,24,7180.444618407753,0.20915934012845103,0,902.2053107067335,472.27226341255243,0.009504957291472734,0.02128181768737687,0.0317215717398782,8.222424519166627e-7,9.458422634453709e-7,0.0025009310550264297,124.26041948559563,1.7784699485043336e6,0.06562104574648604,0.1509375639310468,26.89516654814861,136.82944759481404,54.95800548736512,2.043415696607697,0.9622209821428571,10.096681006960754
35,2,15,24,7181.591298984673,0.20921329544137293,0,902.2062495696973,472.2736446544518,0.009526772297843008,0.02140716097740898,0.03195817201417027,8.222424613969036e-7,9.458422767848976e-7,0.0025010084379897594,124.06236246793836,1.778469937617838e6,0.06640245763324375,0.1519889167668686,26.895183148269805,136.82944925358242,54.95806440899784,2.043416626167625,0.9622209821428571,10.096692644474919
36,2,16,24,7183.659529342887,0.20930023809398746,0,902.207262601453,472.2747032244479,0.009555131830208122,0.021508515227389488,0.03214903609406115,8.222424751885489e-7,9.458422910087033e-7,0.0025010835720324243,123.80833287124369,1.7784699240894108e6,0.06677634304104366,0.1527662212557988,26.895218413950847,136.8294508959334,54.95812822838572,2.0434163196785318,0.9622209821428571,10.096703412052044
37,2,17,24,7181.389460851016,0.20925696070017433,0,902.2083031543851,472.2757867329264,0.009585243248847741,0.02160741447794541,0.032343274921626475,8.222424891500153e-7,9.458423030817289e-7,0.0025011645921693927,123.5546081501603,1.778469910210563e6,0.06720390901593495,0.15340660569254796,26.895258283974165,136.82945254599264,54.958193833595104,2.0434157297661106,0.9622209821428571,10.096714121837001
38,2,18,24,7183.307387079323,0.20923378400378922,0,902.2093432165932,472.27682992534636,0.009612012925953803,0.021705398642079092,0.032533039120494496,8.222425023694159e-7,9.458423157972211e-7,0.0025012438893157046,123.34972234509974,1.778469899131173e6,0.06735896957378036,0.15373357109595517,26.89530240985608,136.82945428349504,54.95825946799482,2.043414817594866,0.9622209821428571,10.096724400576532
39,2,19,24,7181.343424057148,0.2092251713808189,0,902.210228601215,472.2780857313419,0.00963844082640736,0.021794185520350378,0.032728324108826305,8.222425142473315e-7,9.45842324717111e-7,0.002501316480308025,123.13672930777535,1.7784698874542522e6,0.06773682976291408,0.15440973432507257,26.895326214652535,136.82945532029103,54.95831517403191,2.043415080204184,0.9622209821428571,10.096734578136866
40,2,20,24,7184.045977953581,0.20916648944894486,0,902.2113466840341,472.2787208006097,0.00966604603599241,0.0218915849021335,0.03288054072938115,8.222425289255664e-7,9.458423403368485e-7,0.0025013947766395705,122.95758674063022,1.7784698777719436e6,0.06777789703510236,0.1544719863227469,26.895393957032155,136.82945761946058,54.95838599158258,2.0434125664559373,0.9622209821428571,10.096743535359945
41,3,1,24,534419.8365069242,0.2083253669715727,0,917.4652750806232,480.24959567459155,0.010819241613598476,0.023182095855925573,0.03432721847052369,8.361745875844012e-7,9.618686147721128e-7,0.0025412190304170313,107.51724884483879,1.748832608638438e6,0.06252009791533475,0.14743040615273587,27.349824003275632,139.1479895281156,55.887509264564216,2.043432135353803,0.9622209821428571,10.096392714318482
42,3,2,24,7464.58858906621,0.20866620947955902,0,917.4777055373827,480.25958790829634,0.01099981901573274,0.023918471403716123,0.03524403692772231,8.361785224721258e-7,9.618732337183179e-7,0.00254192318002474,106.32787691405208,1.7488290368608488e6,0.06439358549298244,0.14967170386192916,27.35032521690855,139.14855619958104,55.88828617587743,2.043423093972064,0.9622209821428571,10.096483001023715
43,3,3,24,7462.665165812774,0.20870610806326878,0,917.4821906244691,480.2634258480629,0.011093766950325526,0.024203223575626626,0.0357927216360107,8.361785811881228e-7,9.618732855984953e-7,0.002542244780274937,105.61024337202568,1.748828959979923e6,0.06539052705667853,0.15206327652330665,27.350460708936314,139.14856378696035,55.8885683705089,2.04342328874366,0.9622209821428571,10.09653160352511
44,3,4,24,7463.285982266996,0.20863424617926452,0,917.4856671133657,480.26632146132783,0.011169922642816106,0.02446646137584848,0.03625316491849513,8.361786258894781e-7,9.618733285069362e-7,0.0025425020925464257,105.12743429307349,1.7488289156652314e6,0.06607329636771792,0.15291073232597377,27.35060573064717,139.14857036827755,55.88878766524226,2.043420471767366,0.9622209821428571,10.096565463256297
45,3,5,24,7462.442071691097,0.20863450285134927,0,917.4881154447713,480.26819361143714,0.011214890900713344,0.02466658978711502,0.036601810425305116,8.361786550343534e-7,9.618733593692014e-7,0.0025426716689243467,104.79847718164841,1.7488288872075863e6,0.06650757815584334,0.15364128816062048,27.35070438958827,139.148574653278,55.8889420589053,2.043418745740999,0.9622209821428571,10.096589603356973
46,3,6,24,7461.228931020538,0.20861702875654045,0,917.4901378544532,480.2693932288214,0.011251130905985252,0.024868974245322268,0.03687808174016205,8.361786769479737e-7,9.618733883306487e-7,0.002542808844622829,104.5703418640846,1.7488288685238338e6,0.06718094615936189,0.15432723181886493,27.350801950375356,139.1485789850733,55.88906978143553,2.0434161266217834,0.9622209821428571,10.096607923837201
47,3,7,24,7464.490586434069,0.20871528081483287,0,917.4914948785688,480.27084071707804,0.011278121413702944,0.02501615437760232,0.03713427046866367,8.36178693444479e-7,9.61873410570546e-7,0.002542902346661294,104.36364478408497,1.7488288518364527e6,0.06741239250598094,0.15504805145251543,27.350836752947643,139.14858124631894,55.88915509168662,2.0434166455862948,0.9622209821428571,10.096623293648337
48,3,8,24,7461.187643325517,0.20875432844943842,0,917.4926835418315,480.27287197518933,0.01130776137392918,0.02516342600842505,0.037427916303528395,8.361787072467283e-7,9.618734260438738e-7,0.0025430025520038063,104.16211509478029,1.7488288356925384e6,0.0680729606984031,0.15585178379679995,27.350846906669595,139.148582845383,55.88922956612027,2.043418609918492,0.9622209821428571,10.096638888930935
49,3,9,24,7463.246165132798,0.20881192481954888,0,917.4940745804666,480.2740543428134,0.011350917393233042,0.02530602966106736,0.03766158532353848,8.361787294641969e-7,9.618734488659558e-7,0.002543107120119464,103.88859641795646,1.7488288150770946e6,0.06848004895768187,0.15675646825683717,27.350910461802552,139.1485856642299,55.88931738581361,2.043417072490765,0.9622209821428571,10.096651917669638
50,3,10,24,7461.614419376543,0.20876744336847505,0,917.4951558277291,480.2752669794683,0.011375162872179396,0.025418039478967307,0.037880549888578106,8.361787411802986e-7,9.618734624675996e-7,0.0025431877585381404,103.73970547525589,1.7488288039058554e6,0.06861325314385865,0.1569795611472142,27.350943005027418,139.14858739201497,55.8893854323327,2.0434171290569245,0.9622209821428571,10.096663725970737
51,3,11,24,7462.637118454095,0.2087740395275829,0,917.496219352512,480.2766744950136,0.011407946292849825,0.025521541502338204,0.038088241950139455,8.361787565413765e-7,9.61873475736465e-7,0.0025432704814764605,103.55255151411227,1.748828790486366e6,0.06869692399449963,0.15743853774142755,27.35097476159218,139.14858873083097,55.889452388379844,2.043417204525487,0.9622209821428571,10.096675418504846
52,3,12,24,7461.720011189991,0.2087076363588357,0,917.4973499110395,480.2776220876915,0.011432632716555502,0.02562923158733971,0.03827593219754012,8.361787692557867e-7,9.618734906993187e-7,0.0025433526828514148,103.43747184003209,1.7488287821753505e6,0.06870797134062111,0.15750671044309084,27.351029562390508,139.14859089947916,55.88952381620045,2.043415721836383,0.9622209821428571,10.09668570603683
53,3,13,24,7462.657616715791,0.20865203233012453,0,917.4984155573359,480.27838015386413,0.011461518860633004,0.025722223351592726,0.038435029798807564,8.361787837502034e-7,9.618735047200355e-7,0.0025434288539031005,103.28604865865374,1.7488287713429204e6,0.06872846508548801,0.15765955794078582,27.35108614865816,139.14859285935242,55.88959121151348,2.0434139583248476,0.9622209821428571,10.096694900595265
54,3,14,24,7458.4169472830945,0.2085816451805179,0,917.4990048862498,480.2791019905769,0.011482326451842417,0.02582554465445198,0.03860881432457387,8.361787911908029e-7,9.618735147387263e-7,0.002543479423037469,103.11608919267549,1.7488287591354018e6,0.06900076376443533,0.1581037893904088,27.351095148969108,139.14859422780026,55.889628148586844,2.0434146363858994,0.9622209821428571,10.096702183407157
55,3,15,24,7459.5652213816575,0.2086138202507315,0,917.4996360857286,480.2800306020725,0.01149826758965044,0.02591764023704983,0.03878411831265905,8.361787975636242e-7,9.618735237058426e-7,0.0025435314479550115,103.01706066668832,1.7488287520591712e6,0.06948484314348374,0.15875119233229468,27.35110631179395,139.1485953428611,55.889667761740604,2.0434152507257326,0.9622209821428571,10.096709876344907
56,3,16,24,7461.634223224159,0.20866565123426595,0,917.5003171397469,480.2807422675113,0.011518936606524081,0.02599189115551625,0.038924504939679534,8.361788068346651e-7,9.618735332673908e-7,0.002543581960454813,102.8900458456135,1.7488287432656824e6,0.06972704786299416,0.15923937977938538,27.35113002335536,139.1485964468843,55.889710667083136,2.0434150479105777,0.9622209821428571,10.096716994079893
57,3,17,24,7459.3647871455505,0.2086373057903616,0,917.5010166823963,480.28147069069877,0.011540825918366013,0.026064055711383892,0.039066840767147545,8.361788162198641e-7,9.618735413831392e-7,0.002543636428876374,102.76318346016808,1.748828734244419e6,0.06999122128728641,0.15964272104073274,27.351156829073474,139.14859755609018,55.88975477215013,2.043414657793961,0.9622209821428571,10.096724073605431
58,3,18,24,7461.283820060384,0.20862086038201025,0,917.5017158783368,480.2821719889428,0.011560236441267724,0.02613529518650317,0.03920519074316662,8.361788251062312e-7,9.61873549930768e-7,0.0025436897376067804,102.66074053647114,1.748828727042805e6,0.07009397115567505,0.15985621360386146,27.351186494741604,139.1485987240759,55.889798895776885,2.0434140546890704,0.9622209821428571,10.096730868129368
59,3,19,24,7459.321963596307,0.20861434949724064,0,917.5023110743554,480.2830161931639,0.011579341926604389,0.02619956915911226,0.039346740114709094,8.361788330908234e-7,9.618735559269115e-7,0.002543738536656985,102.55424399439879,1.7488287194527949e6,0.07032717691155628,0.1602772171056679,27.35120249838503,139.14859942103342,55.88983634392926,2.043414228212793,0.9622209821428571,10.096737595733108
60,3,20,24,7462.023007997519,0.20857487044834636,0,917.5030626852304,480.283443105081,0.011599252401647712,0.026269889570246174,0.03945662119869048,8.361788429578517e-7,9.618735664268384e-7,0.0025437911700359095,102.46467269004346,1.7488287131592836e6,0.07035935541876667,0.1603325040192392,27.351248037345677,139.1486009665838,55.889883949744984,2.043412566528312,0.9622209821428571,10.096743516614794
61,4,1,24,364983.81014075864,0.2079356966112026,0,929.0884382438679,486.33737352511355,0.012605196745432087,0.02746158212401071,0.04073726284935838,8.467601669629218e-7,9.740454362903339e-7,0.0025740450966573424,92.81446149918477,1.726971227173319e6,0.06685276661929057,0.1556283716470459,27.69638883749605,140.90951323545931,56.595554323427905,2.0434272011233268,0.9622209821428571,10.096481489683924
62,4,2,24,7626.6324298459185,0.20817904917915192,0,929.0978429366236,486.34493363438605,0.012758562611145025,0.028068612129741953,0.04154151046917064,8.467631428805983e-7,9.740489295545097e-7,0.0025745779177078574,92.07110403689175,1.7269685929873444e6,0.06833746844473931,0.15735188137707926,27.696768164211974,140.9099418037511,56.59614212572542,2.043420437726572,0.9622209821428571,10.096548927530954
63,4,3,24,7624.710243384012,0.20820874020990757,0,929.1012361475338,486.3478374797777,0.012837600621691977,0.028328181784043747,0.04201595512608629,8.467631872868757e-7,9.740489687909294e-7,0.002574821232480427,91.62258306746354,1.7269685362876586e6,0.06910323838716867,0.1591366430250608,27.69687069926868,140.9099475420045,56.59635562150204,2.0434205811920996,0.9622209821428571,10.096585230272398
64,4,4,24,7625.331926582556,0.20814808893405393,0,929.103866213054,486.3500282063017,0.012901467944813564,0.028551395995852262,0.04241246682999963,8.467632210940305e-7,9.740490012421215e-7,0.0025750158994879147,91.32082738775004,1.7269685036055706e6,0.06960465203096738,0.15978546660054496,27.696980432089173,140.909952519384,56.59652152453425,2.04341847528486,0.9622209821428571,10.09661052041433
65,4,5,24,7624.4891984231,0.208146782069038,0,929.1057183373892,486.35144450681287,0.012939017985514951,0.02871460194917594,0.042710214074674,8.467632431359863e-7,9.7404902458292e-7,0.0025751441839621005,91.1152291883156,1.7269684826180548e6,0.06995572351290706,0.16034486585347293,27.697055078752825,140.9099557600834,56.59663832103231,2.043417184971739,0.9622209821428571,10.096628550386322
66,4,6,24,7623.276882714734,0.20812976528133667,0,929.1072482087947,486.35235202143883,0.012969247862334861,0.02886018318949913,0.042944867260376676,8.46763259709022e-7,9.740490464861513e-7,0.0025752479537725953,90.972644610734,1.7269684688387853e6,0.07045139629421457,0.16086063116169344,27.697128887729995,140.90995903617392,56.59673493804768,2.043415227891018,0.9622209821428571,10.096642233535587
67,4,7,24,7626.540158402448,0.20820084589452312,0,929.1082747005888,486.3534469404276,0.012991676181642273,0.028984135503319283,0.04316164395462407,8.467632721851522e-7,9.740490633059476e-7,0.002575318682780835,90.84345893137015,1.7269684565318397e6,0.07065222285177149,0.16140274100366722,27.697155220079594,140.90996074633006,56.59679946922276,2.043415615051751,0.9622209821428571,10.096653712840482
68,4,8,24,7623.238567814173,0.20822721255269974,0,929.1091738293075,486.3549834245927,0.013016295756833834,0.029107641262147755,0.04341007421240941,8.467632826236454e-7,9.740490750082587e-7,0.002575394480599096,90.7175028708281,1.7269684446257004e6,0.07113033474371762,0.1619960466935667,27.6971629058643,140.90996195568493,56.59685580321871,2.043417081943635,0.9622209821428571,10.096665360761861
69,4,9,24,7625.297550266034,0.20826712992888488,0,929.1102260382959,486.3558778013567,0.013052066479312731,0.0292269886539784,0.04360672393009778,8.46763299426479e-7,9.740490922683548e-7,0.002575473578740949,90.54655369089585,1.726968429421807e6,0.07145098766488266,0.16267334324990967,27.697210985700234,140.90996408754845,56.596922231808016,2.043415933143174,0.9622209821428571,10.096675091474857
70,4,10,24,7623.667164026814,0.20823316723465043,0,929.111043885635,486.35679503513995,0.013072137124193473,0.02932034833415948,0.04379027045094408,8.467633082872416e-7,9.740491025551324e-7,0.002575534573540107,90.45349684750008,1.726968421183016e6,0.0715555871267043,0.16284789011698697,27.69723560453381,140.909965394254,56.596973701712656,2.0434159751469276,0.9622209821428571,10.096683910714942
71,4,11,24,7624.691132881002,0.20823681750881234,0,929.1118483205901,486.3578596479996,0.013099225113835015,0.02940645552247627,0.04396380157979788,8.467633199046605e-7,9.740491125902337e-7,0.0025755971443686913,90.33652561626099,1.7269684112861399e6,0.07163463885963897,0.16319791543886114,27.69725962853319,140.9099664067862,56.59702434633867,2.043416031239188,0.9622209821428571,10.096692643426167
72,4,12,24,7623.774563764258,0.20818605686199437,0,929.1127034446478,486.3585763858668,0.013119606433898978,0.02949581349120537,0.04412019130651739,8.467633295204334e-7,9.740491239064797e-7,0.002575659319602133,90.26460081615856,1.7269684051567637e6,0.07165354493444116,0.16326197416301713,27.69730108078062,140.90996804691144,56.59707837243568,2.0434149236189967,0.9622209821428571,10.096700326731193
73,4,13,24,7624.713168763348,0.20814266092430442,0,929.1135094557851,486.35914976481314,0.013143397085054171,0.02957278246988316,0.04425228734432838,8.46763340482406e-7,9.740491345101985e-7,0.0025757169326486155,90.16996132229102,1.726968397167844e6,0.07167552658276237,0.1633883034493974,27.697343882106367,140.90996952914261,56.597129347496484,2.043413606315535,0.9622209821428571,10.096707193700366
74,4,14,24,7620.473939749372,0.20809167423031993,0,929.1139551888544,486.3596957307477,0.013160502232693721,0.029658096523965158,0.04439638305385485,8.467633461096523e-7,9.74049142087228e-7,0.002575755180316299,90.06373664932212,1.726968388164796e6,0.0718761016602596,0.16371547697239228,27.69735069007025,140.90997056408523,56.597157284492646,2.0434141127000727,0.9622209821428571,10.09671263293351
75,4,15,24,7621.623457069309,0.20811436691452942,0,929.1144325866287,486.3603980714287,0.013173598854458835,0.02973393799147504,0.044541277573987216,8.467633509293496e-7,9.740491488689627e-7,0.0025757945286078348,90.00184381641004,1.7269683829460735e6,0.07222647761240297,0.16418589098521574,27.697359133835914,140.9099714073942,56.59718724528447,2.0434145714687895,0.9622209821428571,10.096718378419096
76,4,16,24,7623.693429714393,0.20815115879068133,0,929.1149476876366,486.3609363234911,0.013190560306136436,0.02979500653086336,0.04465694269187161,8.467633579409395e-7,9.74049156100261e-7,0.0025758327328324836,89.92245954771474,1.7269683764608728e6,0.07241053058166463,0.16454677414588978,27.697377068583958,140.90997224235517,56.59721969585454,2.0434144199181423,0.9622209821428571,10.096723694263934
77,4,17,24,7621.424918959157,0.2081295792329428,0,929.115476767028,486.3614872467914,0.013208503119779781,0.02985425655540539,0.04477402245145985,8.467633650388661e-7,9.740491622381155e-7,0.002575873928565281,89.84317055075893,1.726968369807688e6,0.07260196478760195,0.16484557474460598,27.697397343045598,140.90997308123568,56.59725305348574,2.043414128501011,0.9622209821428571,10.096728981569463
78,4,18,24,7623.345032135407,0.20811636592818636,0,929.1160055779,486.3620176470109,0.013224396543244003,0.02991265579702153,0.0448875717984296,8.467633717595316e-7,9.740491687025966e-7,0.0025759142466902935,89.77914371830414,1.726968364496495e6,0.07268154256614778,0.16500835899091093,27.697419780105758,140.90997396457055,56.59728642475531,2.0434136780281418,0.9622209821428571,10.096734055998844
79,4,19,24,7621.38458573505,0.20811097786191768,0,929.1164557264287,486.3626561189927,0.013240020071493315,0.029965246781402874,0.04500345542318925,8.467633777981947e-7,9.740491732374166e-7,0.0025759511535722937,89.71258337381948,1.7269683588988597e6,0.07285107858474395,0.16531813804100556,27.697431884071054,140.90997449167224,56.597314746907784,2.0434138075977075,0.9622209821428571,10.096739080435443
80,4,20,24,7624.0858472944055,0.20808021448484798,0,929.1170241661465,486.36297898981695,0.013256285698395048,0.030022718967193295,0.045093254432391726,8.467633852605245e-7,9.74049181178401e-7,0.002575990959970681,89.65660130354651,1.726968354257393e6,0.07287876663695905,0.16536875609345697,27.69746632510724,140.9099756605556,56.597350750960125,2.0434125665731266,0.9622209821428571,10.096743502361742
81,5,1,24,279603.91944829794,0.20756416465585162,0,938.4789984794512,491.2550928248239,0.014159384579285603,0.031145827283295974,0.04625278743308041,8.553139566776619e-7,9.838850432524023e-7,0.002600442266732647,82.90145346758959,1.7097009403284795e6,0.07042789357446458,0.16195653890841252,27.976369936519195,142.33293601292638,57.167592870772964,2.043424254129152,0.9622209821428571,10.096534399992077
82,5,2,24,7741.292475962717,0.20775030775387784,0,938.4865808060168,491.26118806306334,0.01429492760776199,0.03164379956574523,0.04697706796738247,8.553163553894161e-7,9.838878589664998e-7,0.00260087187670159,82.38110324180083,1.7096988593215581e6,0.07166890560021966,0.16336942187016495,27.976675816169852,142.33328145661307,57.16806677494115,2.0434188518529917,0.9622209821428571,10.09658821808509
83,5,3,24,7739.37143553971,0.20777360573468745,0,938.489316441633,491.26352928159343,0.014364403435195655,0.031874442769145875,0.04740076681546828,8.553163911826658e-7,9.838878905926354e-7,0.0026010680424117276,82.06713856097397,1.7096988145288054e6,0.07229469924093361,0.1647999472555659,27.976758494269006,142.33328608187662,57.16823889719342,2.0434189653852943,0.9622209821428571,10.0966171891596
84,5,4,24,7739.994079935084,0.20772012200087867,0,938.4914367814137,491.26529548249664,0.014420441604075128,0.03207214808981,0.04775401069835039,8.553164184325949e-7,9.838879167496038e-7,0.002601224982863288,81.85590958306284,1.709698788709955e6,0.07268633634593319,0.16533123881976533,27.97684696951739,142.33329009384497,57.168372647090436,2.043417283919776,0.9622209821428571,10.096637371367526
85,5,5,24,7739.152469901528,0.20771801331035286,0,938.4929298977933,491.2664372765052,0.014453308088459828,0.03221630904672259,0.04801799344775517,8.553164361993001e-7,9.838879355632288e-7,0.0026013284024661706,81.71199084157308,1.7096987721298167e6,0.07298839456372866,0.16578964270110833,27.976907153098416,142.33329270597955,57.1684668043025,2.0434162536787466,0.9622209821428571,10.096651759533609
86,5,6,24,7737.941093723766,0.20770175398598273,0,938.4941632014487,491.2671688933251,0.014479751428066064,0.0323445708873884,0.04822538560026442,8.553164495578353e-7,9.838879532181163e-7,0.0026014120572741967,81.61218163565155,1.709698761244193e6,0.07337693401629315,0.16620670191685932,27.976966658026836,142.33329534664045,57.16854469200525,2.043414691478109,0.9622209821428571,10.096662678773978
87,5,7,24,7741.205705432803,0.20775733294110635,0,938.4949906860403,491.26805153787467,0.014499328107411094,0.032453588057013746,0.048416562699843506,8.553164596140993e-7,9.8388796677555e-7,0.002601469074634466,81.52175165838021,1.709698751521705e6,0.07356102675451136,0.16664538587548455,27.976987888505047,142.3332967250952,57.16859671247473,2.043415000224656,0.9622209821428571,10.096671839305545
88,5,8,24,7737.9053166968915,0.2077767590058047,0,938.49571549473,491.2692901336064,0.014520812374013915,0.03256194994544182,0.04863562832088989,8.553164680279455e-7,9.838879762080849e-7,0.002601530177262245,81.4335824141415,1.709698742115854e6,0.07393152703138263,0.16711816065774268,27.976994086744508,142.33329769988399,57.1686421246464,2.0434161707076632,0.9622209821428571,10.096681134497365
89,5,9,24,7739.965055488461,0.20780693778580175,0,938.4965637047476,491.27001111652237,0.014551990316560027,0.03266654277315368,0.04880851460342749,8.553164815717076e-7,9.838879901204183e-7,0.0026015939404703562,81.31391798546791,1.709698730104777e6,0.07420209335838637,0.16766454226266572,27.977032847646182,142.33329941825193,57.16869567429157,2.0434152537051977,0.9622209821428571,10.096688899594653
90,5,10,24,7738.335874027085,0.20777914208116102,0,938.497222976316,491.2707505062516,0.014569471397261346,0.03274817090853564,0.04896951653761815,8.553164887138392e-7,9.83887998411976e-7,0.002601643108978302,81.24877819343564,1.7096987235961314e6,0.07429098089760167,0.16781019400022798,27.977052694657505,142.33330047150918,57.1687371644984,2.0434152871083286,0.9622209821428571,10.096695937351823
91,5,11,24,7739.36100233348,0.20778133471764515,0,938.4978714326072,491.27160868670154,0.014593039702907758,0.03282337827922502,0.049121451944815646,8.55316498077948e-7,9.838880065006728e-7,0.00260169354760325,81.16689832939525,1.7096987157775983e6,0.07436856049115408,0.1680969481954772,27.977072062260536,142.33330128765107,57.16877798922525,2.0434153317402592,0.9622209821428571,10.09670290602743
92,5,12,24,7738.44522710449,0.20773973530222734,0,938.4985607426048,491.27218644653044,0.014610764722459344,0.032901310123943955,0.049258166308976205,8.553165058286485e-7,9.838880156220236e-7,0.002601743666813457,81.11655096782789,1.7096987109353908e6,0.07439261980540746,0.16815712599063712,27.97710547780144,142.333302609658,57.1688215393214,2.0434144477412883,0.9622209821428571,10.09670903725014
93,5,13,24,7739.38485585821,0.2077036114302512,0,938.499210455764,491.27264864269114,0.014631426538158505,0.03296834274817771,0.04937341269954081,8.553165146644408e-7,9.838880241690485e-7,0.002601790107987496,81.05030331995475,1.709698704624143e6,0.07441607837122852,0.16826698205304996,27.97713998015262,142.33330380439617,57.16886262953787,2.0434133964406036,0.9622209821428571,10.096714517022681
94,5,14,24,7735.14687036848,0.20766351516225612,0,938.4995697489736,491.2730887366155,0.014646266632732234,0.03304254314979613,0.04949903196973894,8.553165192002289e-7,9.838880302764402e-7,0.002601820938481387,80.97594604622827,1.7096986975117333e6,0.07457594582025351,0.16852750772579045,27.977145468185604,142.33330463860165,57.16888514878836,2.0434138005179383,0.9622209821428571,10.09671885750229
95,5,15,24,7736.297532573484,0.20768093467261087,0,938.4999545644613,491.2736548716037,0.014657625098708677,0.03310840607228299,0.049625121625623096,8.553165230850992e-7,9.838880357427917e-7,0.0026018526559449147,80.93262106154948,1.709698693388942e6,0.07484876039964777,0.16889832430416027,27.97715227489251,142.33330531834284,57.16890929925382,2.0434141665861687,0.9622209821428571,10.096723442344134
96,5,16,24,7738.368513303929,0.20770940478932404,0,938.5003697696911,491.2740887375156,0.014672326056895571,0.03316140216021155,0.04972559598812263,8.55316528736724e-7,9.838880415715096e-7,0.0026018834511282564,80.87705207129004,1.7096986882656321e6,0.07499915402860385,0.16918708674880228,27.977166731957947,142.33330599135485,57.168935456547956,2.043414045613298,0.9622209821428571,10.096727684313322
97,5,17,24,7736.100987944959,0.2076917483369287,0,938.5007962399611,491.27453281575856,0.014687867902535168,0.03321277041968543,0.049827206162470154,8.553165344579398e-7,9.838880465188687e-7,0.0026019166574371877,80.8215497710402,1.709698683009615e6,0.07514863810868208,0.1694266451748925,27.97718307475238,142.33330666752641,57.16896234483648,2.0434138130378043,0.9622209821428571,10.09673190350717
98,5,18,24,7738.022163094545,0.2076804973225558,0,938.5012224907596,491.27496034736134,0.014701626140190813,0.033263356961178506,0.049925630387005045,8.553165398750675e-7,9.838880517295016e-7,0.0026019491560965767,80.77673098629832,1.7096986788137716e6,0.07521516571470489,0.169560294225756,27.97720116051905,142.33330737952986,57.16898924392652,2.043413453544539,0.9622209821428571,10.096735952817417
99,5,19,24,7736.062943274814,0.2076758317628553,0,938.5015853325489,491.2754749860403,0.014715141049588477,0.03330886493580189,0.05002593726850403,8.553165447424741e-7,9.838880553847497e-7,0.0026019789048586585,80.73013874292107,1.7096986743916385e6,0.07534823662749515,0.16980741725268206,27.97721091708227,142.33330780439502,57.1690120729717,2.04341355692699,0.9622209821428571,10.096739962227574
100,5,20,24,7738.764835286453,0.2076501650643206,0,938.5020435200269,491.2757352338741,0.01472920361613289,0.033358564851868874,0.050103589515621515,8.553165507574131e-7,9.83888061785504e-7,0.0026020109905817066,80.69095129174316,1.7096986707248786e6,0.07537372055285257,0.16985455142136235,27.977238678141745,142.33330874656212,57.16904109382602,2.043412566605133,0.9622209821428571,10.096743490836356
101,6,1,24,228037.77960431072,0.20721713586760085,0,946.3692793288892,495.38678251897613,0.015555468487574126,0.034401170078942965,0.051170372574943605,8.625019085516056e-7,9.921534963612537e-7,0.0026225603657186927,75.62459041361254,1.6954530542335242e6,0.07363795486503544,0.16725364014031666,28.211612551754342,143.5290742747222,57.648238068529395,2.043422295084105,0.9622209821428571,10.096569526089839
102,6,2,24,7829.928920352759,0.2073660305090747,0,946.3756413071189,495.391896787436,0.015678206626018175,0.03484544286397176,0.05183434977325102,8.625039208893753e-7,9.92155858532365e-7,0.0026229208508407893,75.23432774319302,1.6954513374028138e6,0.07471190299309421,0.16845858459563087,28.211869232274164,143.52936407588535,57.648635700353516,2.043417797867995,0.9622209821428571,10.09661430136186
103,6,3,24,7828.008980456292,0.20738503867025104,0,946.3779366151596,495.39386122696925,0.015740899113155432,0.035055028362501295,0.05222063986867073,8.625039509171879e-7,9.92155885064286e-7,0.0026230854435588553,74.9988542314735,1.6954513004487923e6,0.07524353915308617,0.16965637682806675,28.211938610014936,143.52936795612953,57.64878011790352,2.0434178917941788,0.9622209821428571,10.096638404574037
104,6,4,24,7828.632614259779,0.20733668177344627,0,946.3797156421786,495.39534315066317,0.01579140589976463,0.035234308611939734,0.05254218036205051,8.625039737778039e-7,9.92155907007991e-7,0.002623217121917078,74.84043249699775,1.69545127914824e6,0.07556470961522253,0.17010960770680048,28.21201284859251,143.52937132186563,57.648892338015436,2.0434164923787606,0.9622209821428571,10.096655195468731
105,6,5,24,7827.792087399943,0.2073341504583716,0,946.3809683809984,495.3963011396018,0.015820981558016742,0.03536480344173065,0.05278171811101992,8.625039886827177e-7,9.921559227911902e-7,0.002623303892641362,74.7324934399496,1.6954512654696256e6,0.07583320806246176,0.17050095416584166,28.212063346592128,143.5293735132477,57.64897133684032,2.0434156349575905,0.9622209821428571,10.096667165793852
106,6,6,24,7826.581687005906,0.20731867057783446,0,946.3820031211387,495.3969149791837,0.015844767838161272,0.035480712475050455,0.05296952307830758,8.62503999889512e-7,9.921559376022967e-7,0.0026233740794287634,74.6576365347115,1.6954512564889856e6,0.0761508381049223,0.17085331157319358,28.212113273335394,143.5293757285613,57.64903668453878,2.043414335041169,0.9622209821428571,10.096676250068517
107,6,7,24,7829.8475121429365,0.20736426263529628,0,946.3826973683076,495.3976555040794,0.0158623530361689,0.03557911960787603,0.053142400445018445,8.625040083259518e-7,9.921559489759519e-7,0.0026234219165124674,74.58981405091059,1.6954512484679327e6,0.07632285905348571,0.17122416824773035,28.212131087177603,143.5293768849801,57.64908032895026,2.0434145917871387,0.9622209821428571,10.096683871168521
108,6,8,24,7826.548255929341,0.20737935864151008,0,946.3833054692277,495.398694662657,0.01588164886126289,0.03567678212026333,0.05334047880596074,8.625040153845282e-7,9.921559568891306e-7,0.0026234731806029535,74.52368711681375,1.6954512407081053e6,0.07662229582173626,0.1716186461389384,28.212136288803777,143.52937770275358,57.64911842892314,2.04341556551326,0.9622209821428571,10.096691604356293
109,6,9,24,7828.608859549007,0.20740342126433295,0,946.3840171014037,495.3992995565431,0.01590962933244328,0.035770977948106214,0.05349649959715044,8.625040267467139e-7,9.921559685605195e-7,0.002623526676932923,74.43393879396538,1.695451230798966e6,0.0768589626413848,0.172079516410525,28.212168809934084,143.52937914433363,57.64916335607572,2.043414802472622,0.9622209821428571,10.09669806449726
110,6,10,24,7826.980811877082,0.20737971819324375,0,946.3845702099406,495.39991988295367,0.015925310387333726,0.035844382032481775,0.05364158297294892,8.62504032738419e-7,9.921559755165053e-7,0.002623567927929888,74.38508394912411,1.6954512254293328e6,0.07693855003596511,0.17220580610884786,28.212185461869648,143.52938002793633,57.64919816508828,2.0434148301982633,0.9622209821428571,10.096703919538436
111,6,11,24,7828.007046390536,0.20738108097035643,0,946.3851142428574,495.4006398642006,0.015946437645955994,0.03591196624841268,0.0537783330927038,8.625040405941939e-7,9.921559823023058e-7,0.0026236102443322248,74.32367405002113,1.6954512189790425e6,0.0770155296303584,0.17245087424791763,28.212201711647122,143.5293807126174,57.64923241566218,2.0434148672580306,0.9622209821428571,10.096709717090025
112,6,12,24,7827.092157643408,0.20734555242533068,0,946.3856925468291,495.40112458311063,0.015962322186686414,0.03598193260159289,0.05390126016526763,8.625040470964414e-7,9.921559899544252e-7,0.0026236522924639773,74.2859135281073,1.6954512149842207e6,0.07704381108374507,0.17250771078183222,28.212229746612326,143.52938182168052,57.64926895248368,2.0434141317527765,0.9622209821428571,10.096714817910613
113,6,13,24,7828.032810551245,0.20731431260230052,0,946.3862376265864,495.40151234699846,0.01598082244183928,0.036042059483343124,0.05400475134149753,8.625040545089995e-7,9.921559971247291e-7,0.0026236912545969824,74.2362277911333,1.6954512097774406e6,0.0770694824318844,0.17260613125917715,28.21225869299396,143.5293828239748,57.649303425307316,2.043413257075498,0.9622209821428571,10.096719376751539
114,6,14,24,7823.795980866824,0.20728120693806085,0,946.386539054251,495.40188156532395,0.015994101203207642,0.036108558314640236,0.05411750177983071,8.625040583141803e-7,9.921560022483658e-7,0.0026237171197758197,74.18045983453115,1.6954512039097021e6,0.07720335879949623,0.17282349660166643,28.21226329733611,143.52938352380974,57.64932231774848,2.0434135932366653,0.9622209821428571,10.096722987783771
115,6,15,24,7824.947739463503,0.20729528403026332,0,946.3868618927451,495.40235652067224,0.016004262394993966,0.036167528458445675,0.0542305444220782,8.625040615732912e-7,9.921560068342193e-7,0.002623743728955727,74.14796609521233,1.6954512005083987e6,0.07742508526402271,0.17313034593056595,28.212269008029793,143.52938409406087,57.64934257862912,2.0434138977698293,0.9622209821428571,10.096726802097322
116,6,16,24,7827.019733942769,0.20731848455149066,0,946.3872102255941,495.4027205084159,0.016017408381315667,0.03621495686775114,0.05432051963415281,8.625040663145743e-7,9.921560117240704e-7,0.002623769564348041,74.10628935144521,1.6954511962816678e6,0.07755292758034421,0.17337246807412765,28.21228113692794,143.52938465866674,57.64936452306792,2.0434137971072768,0.9622209821428571,10.096730331148397
117,6,17,24,7824.753208624952,0.20730341639392438,0,946.3875680077838,495.4030930628579,0.016031300787222053,0.03626090007853043,0.054411458709992436,8.625040711142392e-7,9.92156015874528e-7,0.002623797422407241,74.0646626250826,1.695451191945453e6,0.07767514737705382,0.17357371612336497,28.212294847712016,143.5293852259233,57.649387080681,2.043413603603264,0.9622209821428571,10.096733841251059
118,6,18,24,7826.675429286071,0.20729351016968148,0,946.3879256041629,495.4034517335862,0.016043594061923228,0.03630611897034311,0.05449947673885801,8.625040756587974e-7,9.92156020245853e-7,0.002623824686656241,74.03104853552733,1.6954511884838815e6,0.07773346439416161,0.17368827615008073,28.212310020622606,143.5293858232399,57.649409647249016,2.0434133045152456,0.9622209821428571,10.096737210014954
119,6,19,24,7824.7173536849805,0.20728935939099483,0,946.3882300029895,495.4038834787809,0.01605566440311166,0.03634677121683915,0.054589098222036,8.625040797421811e-7,9.921560233123282e-7,0.002623849643784844,73.99610435188966,1.6954511848356214e6,0.07784293558156893,0.17389503643009813,28.21231820579186,143.52938617966956,57.64942879921841,2.043413390516177,0.9622209821428571,10.096740545580872
120,6,20,24,7827.420031624679,0.2072670881382747,0,946.3886143885985,495.4041018074233,0.01606821944025472,0.0363911500014926,0.05465843503829031,8.62504084788258e-7,9.92156028682074e-7,0.002623876561353172,73.96671376252549,1.6954511818105439e6,0.07786785538627744,0.17393941786094338,28.212341495316178,143.52938697007585,57.649453145581944,2.0434125666298533,0.9622209821428571,10.096743481146667
121,7,1,24,193477.3999934268,0.20689392838557522,0,953.1804913981443,498.95322413727035,0.016834334739091714,0.037360759527168635,0.05565142826983038,8.687072736249159e-7,9.992916582741944e-7,0.0026416182949536107,69.9860016433368,1.6833424077928923e6,0.07662989337564527,0.17189095821855943,28.414679323330414,144.56170285748024,58.06314955375497,2.043420898510057,0.9622209821428571,10.09659454385539
122,7,2,24,7902.0619113211105,0.20701681903397423,0,953.1859777723288,498.95763454767047,0.016947309649857308,0.03777220528531064,0.05626791600517268,8.687090088127217e-7,9.992936951143598e-7,0.002641929178104958,69.67936668739775,1.683340948486788e6,0.07758290649787938,0.17294645547191145,28.414900695815515,144.56195274569097,58.06349245971353,2.043417046615411,0.9622209821428571,10.096632878005149
123,7,3,24,7900.143041652231,0.20703278496176775,0,953.1879571526989,498.9593286393315,0.017004874022008808,0.03796559304038729,0.05662518617535237,8.687090347049312e-7,9.992937179921514e-7,0.0026420711172914354,69.49435178471087,1.6833409170758694e6,0.0780477523871843,0.17397936248771706,28.414960528965228,144.56195609152562,58.06361699958512,2.043417126706795,0.9622209821428571,10.096653513876507
124,7,4,24,7900.767671363581,0.20698834528268237,0,953.1894912990883,498.96060659640096,0.01705121074951342,0.03813077491502438,0.05692223341894108,8.687090544170528e-7,9.99293736913644e-7,0.0026421846707551985,69.36987756417629,1.6833408989703998e6,0.07832283057342768,0.1743767679276798,28.415024551934582,144.56195899371315,58.06371377277772,2.043415928311227,0.9622209821428571,10.09666788921407
125,7,5,24,7899.9282026682195,0.20698559368582523,0,953.1905715820434,498.96143271358295,0.017078314668191947,0.038250858731926185,0.05714303662940138,8.687090672691757e-7,9.992937505230902e-7,0.0026422594967826568,69.28506830454076,1.683340887343577e6,0.07856563674337687,0.1747201272068792,28.41506810031514,144.56196088328562,58.06378189640065,2.0434151940588414,0.9622209821428571,10.096678137396404
126,7,6,24,7898.718788594924,0.2069708449995262,0,953.1914638684933,498.96196205388696,0.017100107023161393,0.038357395548755786,0.05731590628708601,8.687090769325068e-7,9.992937632943268e-7,0.002642320021201526,69.22625216426026,1.6833408797100328e6,0.0788350545567594,0.17502665985430862,28.415111154937595,144.5619627934936,58.06383824762875,2.043414081015805,0.9622209821428571,10.096685914703542
127,7,7,24,7901.985758376592,0.20700948335223726,0,953.1920625310248,498.9626006221827,0.017116202568105972,0.03844777433870142,0.057474878008967153,8.687090842070316e-7,9.992937731015367e-7,0.0026423612722572287,69.17296306936616,1.6833408728921374e6,0.07899618643206849,0.17534940760900478,28.415126517251046,144.56196379064377,58.06387588304509,2.043414300752596,0.9622209821428571,10.096692439336007
128,7,8,24,7898.687592531311,0.20702164573088408,0,953.1925869063449,498.96349670550615,0.01713386198456133,0.03853737092020054,0.05765701111561274,8.687090902934607e-7,9.992937799248671e-7,0.0026424054781964495,69.1210061920569,1.683340866296284e6,0.0792467741284057,0.17568883174409322,28.415131003569545,144.56196449578877,58.06390873727864,2.0434151343516445,0.9622209821428571,10.096699059964779
129,7,9,24,7900.749107643238,0.20704153680573628,0,953.1932005582614,498.9640183170173,0.017159455738340428,0.03862374255579729,0.05780027826705446,8.687091000907809e-7,9.992937899888052e-7,0.0026424516090703615,69.05048965191664,1.6833408578735152e6,0.07945818222972649,0.17608924775714932,28.415159047965684,144.56196573882602,58.06394747869523,2.043414481005771,0.9622209821428571,10.09670459065126
130,7,10,24,7899.122150767402,0.20702076822754512,0,953.1936775078627,498.96455322983064,0.017173794600053256,0.03869097928190657,0.057933365726449394,8.687091052572739e-7,9.992937959867724e-7,0.0026424871801934043,69.01210370193654,1.683340853309327e6,0.07953170136055512,0.17620155694021047,28.415173407608854,144.56196650073403,58.06397749476982,2.0434145047033843,0.9622209821428571,10.09670960330163
131,7,11,24,7900.149457383464,0.2070216168201627,0,953.1941466303002,498.9651740715006,0.017193104460359276,0.038752855768062255,0.058058704553016954,8.68709112031106e-7,9.99293801837994e-7,0.002642523669910579,68.96385306632058,1.6833408478265798e6,0.07960757066724047,0.17641691140672583,28.415187420499215,144.5619670911169,58.064007029223994,2.0434145363875236,0.9622209821428571,10.096714566723096
132,7,12,24,7899.235493864326,0.2069904347304148,0,953.1946453025001,498.9655920458922,0.01720761963266184,0.03881687104340554,0.058171295011686906,8.687091176378273e-7,9.9929380843622e-7,0.002642559928117005,68.93418408439943,1.6833408444309812e6,0.07963906445957518,0.1764708936519575,28.41521159547637,144.5619680474335,58.06403853497089,2.0434139066630963,0.9622209821428571,10.096718933646477
133,7,13,24,7900.177163633074,0.2069627311499068,0,953.1951153229479,498.9659264148381,0.01722451479001546,0.03887184923711019,0.05826599921788226,8.687091240294848e-7,9.992938146189883e-7,0.002642593525096543,68.89514529045825,1.6833408400052178e6,0.07966714150078719,0.17656080445009673,28.41523655613896,144.56196891168602,58.064068260773006,2.0434131577985606,0.9622209821428571,10.096722836562563
134,7,14,24,7895.941438447902,0.20693450232120664,0,953.1953752411844,498.96624479029674,0.01723663589584264,0.038932617276029015,0.0583691410502458,8.687091273105947e-7,9.992938190369688e-7,0.002642615828429569,68.85132760953174,1.68334083501764e6,0.07978328343040005,0.17674787407356896,28.415240526528915,144.56196951513567,58.064084551548355,2.043413445588779,0.9622209821428571,10.09672592804925
135,7,15,24,7897.0942617077635,0.2069462794092564,0,953.1956536211698,498.9666543389391,0.017245909798420934,0.038986469552775294,0.058472467476510116,8.68709130120842e-7,9.992938229912322e-7,0.0026426387732347814,68.82579681389487,1.683340832126532e6,0.0799695129195736,0.17701011221691834,28.415245450949225,144.56197000684872,58.06410202227801,2.0434137062975237,0.9622209821428571,10.096729193561044
136,7,16,24,7899.167265321616,0.20696585070806983,0,953.1959539840805,498.96696820066586,0.01725790445765157,0.03902976819097996,0.0585546440644708,8.687091342091286e-7,9.992938272076248e-7,0.002642661050783107,68.7930508003286,1.6833408285338103e6,0.08008114929442099,0.1772194889150317,28.415255909705547,144.56197049369388,58.064120944685214,2.043413620105838,0.9622209821428571,10.096732214845888
137,7,17,24,7896.901739873945,0.20695263217757975,0,953.1962624941953,498.9672894488234,0.0172705766702263,0.039071692976111835,0.058637667195442965,8.687091383477559e-7,9.992938307864576e-7,0.002642685072373435,68.76034408609353,1.6833408248480274e6,0.08018484189562167,0.17739384312225115,28.415267732421754,144.56197098282453,58.06414039577113,2.043413454433867,0.9622209821428571,10.096735219908178
138,7,18,24,7898.824990394922,0.20694371843183218,0,953.1965708430522,498.96759872397473,0.017281787161396143,0.0391129408785019,0.05871797941927814,8.687091422664115e-7,9.992938345557387e-7,0.0026427085818467788,68.73393301516393,1.6833408219056916e6,0.08023763166294598,0.1774948387201511,28.4152808158339,144.56197149787525,58.064159854513115,2.0434131983716983,0.9622209821428571,10.096738103963931
139,7,19,24,7896.868010404614,0.20693995860731437,0,953.1968333196677,498.9679710082893,0.01729279087179576,0.039150006130969875,0.058799704047984465,8.687091457874085e-7,9.992938371998817e-7,0.00264273010184773,68.70647687025257,1.68334081880467e6,0.08033102629669259,0.17767334397781273,28.415287873790025,144.56197180521565,58.06417636884828,2.043413271994548,0.9622209821428571,10.096740959596085
140,7,20,24,7899.571544507726,0.2069201372297552,0,953.197164766215,498.9681592677769,0.017304233654023258,0.03919045766324288,0.05886290397769549,8.687091501385105e-7,9.992938418300755e-7,0.002642753312228458,68.68338426376907,1.683340816233354e6,0.08035625161153881,0.17771546797675064,28.41530795581389,144.5619724867626,58.064197362137314,2.0434125666499114,0.9622209821428571,10.096743472778616
141,8,1,24,168685.08856499882,0.2065922663154732,0,959.1774461924676,502.09318368485367,0.018021629836123838,0.04010042814260262,0.05979544761278756,8.741710788999423e-7,1.0055767878517386e-6,0.002658375798676464,65.44905566652109,1.6728213188055188e6,0.07946031650258177,0.17606489338786188,28.59346749187467,145.4709300850977,58.428459126920856,2.0434198525773173,0.9622209821428571,10.096613267478448
142,8,2,24,7962.779612355702,0.20669607471157542,0,959.1822730198968,502.09706391087803,0.018126846162832583,0.040485364326882864,0.0603733124402194,8.741726053660986e-7,1.005578579685166e-6,0.0026586493167018097,65.1999147644432,1.6728200510333406e6,0.08032199719277745,0.1770074966429178,28.593662264555515,145.47114991485796,58.42876081063522,2.043416484045944,0.9622209821428571,10.096646780613877
143,8,3,24,7960.86178930584,0.2067097895036588,0,959.184014433323,502.0985543594182,0.01818036028573762,0.0406657985123943,0.06070723268070731,8.741726281437881e-7,1.0055785998110357e-6,0.002658774192275337,65.0495901556252,1.672820023745105e6,0.0807375826393413,0.17791729946990006,28.593714907420228,145.47115285822906,58.42887037798642,2.0434165538533717,0.9622209821428571,10.096664821266968
144,8,4,24,7961.487412335922,0.2066684764419706,0,959.1853641307512,502.0996786808664,0.018223410089288256,0.04081974829730897,0.06098463066400703,8.741726454847789e-7,1.0055786164565015e-6,0.0026588740936110515,64.94845485107588,1.6728200080159782e6,0.08098120967660798,0.17827267257178242,28.593771235095662,145.47115541131856,58.42895551624666,2.043415505980255,0.9622209821428571,10.096677388646915
145,8,5,24,7960.6489812324835,0.2066656194332521,0,959.1863145204061,502.1004054708832,0.01824857093928921,0.04093156392334865,0.06119049081431015,8.741726567909471e-7,1.005578628428896e-6,0.0026589399228326774,64.87954732729611,1.6728199979151757e6,0.08120334444217642,0.17857986383914676,28.59380954859206,145.47115707359825,58.429015448692326,2.043414863955032,0.9622209821428571,10.096686347884546
146,8,6,24,7959.440553213182,0.20665153851517062,0,959.1870995128739,502.1008711657455,0.018268796868109533,0.04103067937097611,0.06135149122805801,8.741726652918956e-7,1.0055786396639066e-6,0.00265899316963276,64.83175921303919,1.672819991283534e6,0.08143909969476079,0.17885215822008146,28.593847426947473,145.47115875403128,58.42906502391154,2.043413890809486,0.9622209821428571,10.096693146994083
147,8,7,24,7962.708622056223,0.20668506627371067,0,959.1876261839851,502.1014329435403,0.018283724856570142,0.041114713284473615,0.06149943941737539,8.741726716913835e-7,1.0055786482914276e-6,0.0026590294602446864,64.78846182314105,1.6728199853604876e6,0.08159010065888661,0.179138894676455,28.593860942608252,145.47115963123628,58.429098133534595,2.0434140828623915,0.9622209821428571,10.0966988509793
148,8,8,24,7959.41151622972,0.20669512476125987,0,959.1880875001067,502.1022212675831,0.01830010201557386,0.04119795237193838,0.06166893383313477,8.741726770456882e-7,1.0055786542939937e-6,0.0026590683502135913,64.74624686000593,1.6728199796303397e6,0.08180627960661756,0.1794374368446012,28.59386488999454,145.47116025156092,58.429127036858915,2.0434148115914272,0.9622209821428571,10.096704638909543
149,8,9,24,7961.473963245593,0.20671200403667744,0,959.1886273567294,502.1026801533564,0.018323827963192357,0.04127816485033231,0.06180212615754463,8.741726856645092e-7,1.0055786631473617e-6,0.0026591089336576836,64.6889521706717,1.672819972313059e6,0.08199803848663623,0.17979272483667197,28.593889562477955,145.47116134507587,58.42916111939465,2.0434142403651068,0.9622209821428571,10.096709473952865
150,8,10,24,7959.848066335795,0.2066934540115804,0,959.1890469471313,502.1031507366499,0.01833711724590513,0.04134055890074298,0.06192576106060269,8.74172690209536e-7,1.0055786684238465e-6,0.0026591402269587434,64.6577635860268,1.6728199683479203e6,0.08206703625148214,0.1798944064561833,28.593902195558723,145.4711620153357,58.429187525660915,2.043414261056551,0.9622209821428571,10.09671385612118
151,8,11,24,7960.876419321186,0.20669396590868538,0,959.1894596509007,502.10369691197513,0.018355007488847722,0.041397958713984384,0.06204212617845903,8.741726961685577e-7,1.0055786735712365e-6,0.0026591723283071024,64.61855994421327,1.6728199635847835e6,0.08214104576535884,0.18008740921878696,28.5939145236085,145.47116253470261,58.42921350817854,2.0434142887269457,0.9622209821428571,10.096718195245586
152,8,12,24,7959.963396935225,0.20666606518730488,0,959.1898983491046,502.10406461814586,0.018368453519770442,0.04145731378488793,0.06214660172312406,8.741727011008582e-7,1.0055786793757756e-6,0.0026592042258689044,64.59445389614385,1.672819960634857e6,0.08217463150394756,0.1801389339544528,28.593935791383682,145.4711633759859,58.4292412248136,2.0434137381822164,0.9622209821428571,10.096722012892535
153,8,13,24,7960.9060731671125,0.20664105734648802,0,959.1903118398008,502.1043587732103,0.018384097268962687,0.041508266118205184,0.06223442235465884,8.741727067236765e-7,1.0055786848148314e-6,0.0026592337821529375,64.56273487569231,1.672819956789975e6,0.08220464677455375,0.18022220433020503,28.59395775020056,145.47116413627924,58.4292673754699,2.043413083488244,0.9622209821428571,10.096725424891144
154,8,14,24,7956.671416933088,0.20661642980997408,0,959.1905404962487,502.1046388572118,0.018395316786318224,0.041564559473018056,0.062330043071298996,8.741727096101087e-7,1.005578688701382e-6,0.002659253402963784,64.52713300948183,1.6728199524570163e6,0.08230802914210744,0.1803867985770494,28.593961243121758,145.4711646671412,58.42928170686537,2.043413335076841,0.9622209821428571,10.096728127529529
155,8,15,24,7957.825280491084,0.20662653209674664,0,959.1907853935512,502.1049991466199,0.018403899908138184,0.0416144218891355,0.062425778506165396,8.741727120823172e-7,1.0055786921799955e-6,0.0026592735880454294,64.50638923774336,1.672819949945366e6,0.08246884358468214,0.1806161186612448,28.593965575349138,145.47116509970718,58.42929707627054,2.043413562987655,0.9622209821428571,10.096730982298423
156,8,16,24,7959.89928440642,0.20664345589924718,0,959.1910496293658,502.105275257509,0.018414998814793554,0.04165450334585667,0.0625018736057156,8.741727156788325e-7,1.005578695889207e-6,0.0026592931861069424,64.47978310134526,1.6728199468241888e6,0.08256844822072208,0.18080117821216515,28.593974776253713,145.47116552799073,58.42931372272651,2.043413487629219,0.9622209821428571,10.096733623554565
157,8,17,24,7957.634752514674,0.20663163295826203,0,959.1913210319015,502.1055578660581,0.018426722301669328,0.04169330080957044,0.06257872961370482,8.741727193196331e-7,1.0055786990375493e-6,0.0026593143183892775,64.4532088956178,1.6728199436221647e6,0.0826591583110749,0.18095556324617676,28.59398517701101,145.47116595828481,58.429330834237504,2.0434133427897807,0.9622209821428571,10.096736250628377
158,8,18,24,7959.559017766282,0.20662348920779575,0,959.1915922918927,502.10582994086303,0.01843709143405842,0.04173146106965808,0.06265304608947565,8.741727227669221e-7,1.0055787023534317e-6,0.0026593350000970323,64.43174990013779,1.6728199410660102e6,0.08270796154231067,0.1810463728105197,28.593996686779434,145.47116641138115,58.42934795244041,2.0434131189312015,0.9622209821428571,10.0967387719138
159,8,19,24,7957.603099405074,0.20662003954415628,0,959.1918231966213,502.10615744488507,0.018447266941464882,0.04176574021356268,0.06272863512407356,8.741727258643851e-7,1.0055787046795159e-6,0.0026593539315748534,64.40944178201055,1.6728199383719976e6,0.0827899880646535,0.18120394488978328,28.59400289581137,145.47116668175218,58.42936248035619,2.0434131832907974,0.9622209821428571,10.096741268349406
160,8,20,24,7960.307523634681,0.20660208357461124,0,959.19211477463,502.1063230592384,0.018457846579578958,0.041803143335051536,0.06278707165148409,8.741727296921027e-7,1.0055787087527537e-6,0.0026593743500626585,64.39067903889934,1.6728199361381666e6,0.08281565605617207,0.18124416787965134,28.594020562253895,145.4711672813173,58.429380948436496,2.0434125666667304,0.9622209821428571,10.09674346540854
161,9,1,24,150025.21694854717,0.20630971788181762,0,964.5376263054957,504.8996486401875,0.01913474996203086,0.04266322444921296,0.06366894719124616,8.790549016820033e-7,1.0111947510879579e-6,0.00267333916280173,61.69540520759012,1.6635277134102455e6,0.08215599321714194,0.17989220887971105,28.753269616544323,146.2836434948509,58.754978595566016,2.043419039960556,0.9622209821428571,10.096627806623685
162,9,2,24,8015.1259433920095,0.2063989898418861,0,964.5419380513127,504.9031148089265,0.01923361012187247,0.04302617812921564,0.06421461410009377,8.790562651685916e-7,1.0111963516087411e-6,0.002673583498528559,61.48778778894233,1.6635265935448213e6,0.08294606528575264,0.18074632919580533,28.753443613321632,146.28383985357306,58.755248086167285,2.0434160470068234,0.9622209821428571,10.096657575889264
163,9,3,24,8013.209146852896,0.20641098281323034,0,964.5434936242482,504.9044462172314,0.019283821442363583,0.043195949515403884,0.06452922467730382,8.790562855143205e-7,1.011196369585784e-6,0.0026736950481161936,61.36251728133947,1.6635265694402128e6,0.08332388002317653,0.18156060603056356,28.75349064033869,146.28384248268225,58.75534596070983,2.0434161088699647,0.9622209821428571,10.096673601164037
164,9,4,24,8013.835756233431,0.20637224434855775,0,964.5446992779147,504.9054505560019,0.019324195013804717,0.04334067992169919,0.06479040986000234,8.790563010038242e-7,1.0111963844540223e-6,0.0026737842878873158,61.278237860640374,1.6635265555461505e6,0.08354466256608463,0.1818831098275183,28.75354095803067,146.28384476317987,58.75542201277084,2.0434151779264895,0.9622209821428571,10.096684764547405
165,9,5,24,8012.99834452305,0.2063693502248841,0,964.5455482308718,504.9060997781128,0.019347777004815013,0.043445725129821484,0.06498399377224182,8.790563111028395e-7,1.0111963951481311e-6,0.0026738430912395406,61.22081492394174,1.663526546623775e6,0.08374986676493251,0.1821619841836336,28.753575183217265,146.2838462479789,58.755475548533475,2.0434146075451363,0.9622209821428571,10.096692722845887
166,9,6,24,8011.790897054892,0.20635587476620657,0,964.5462494360216,504.9065157702893,0.019366730754019398,0.04353877705368736,0.06513527002913759,8.790563186961462e-7,1.0111964051835856e-6,0.002673890654808579,61.180991495209796,1.663526540765825e6,0.08396103591376596,0.1824076743635262,28.7536090191843,146.283847748993,58.75551983227444,2.043413743056497,0.9622209821428571,10.096698762333565
167,9,7,24,8015.060031126024,0.2063854939490968,0,964.546719888948,504.9070175823434,0.01938071216953324,0.043617634608731304,0.06527420388785245,8.790563244123643e-7,1.0111964128899515e-6,0.002673923071774891,61.144910336765165,1.6635265355338003e6,0.08410294033174268,0.18266637411962947,28.75362109265147,146.28384853253945,58.75554940769882,2.0434139136206015,0.9622209821428571,10.09670382904422
168,9,8,24,8011.763961023087,0.2063939793916123,0,964.5471319622809,504.90772175740585,0.01939604996144096,0.04369569757789536,0.06543336436810822,8.790563291949936e-7,1.0111964182516273e-6,0.002673957810504076,61.109731200606745,1.6635265304721694e6,0.08429397421167537,0.1829333211207862,28.7536246190754,146.28384908663242,58.75557522576601,2.043414560917202,0.9622209821428571,10.096708970336948
169,9,9,24,8013.827347395527,0.2064085916554172,0,964.547614192334,504.9081316605755,0.019418263371983668,0.04377090020569364,0.0655583400526536,8.790563368935881e-7,1.011196426159726e-6,0.002673994061957326,61.06198562585058,1.6635265240085714e6,0.08447009734875442,0.18325355757332318,28.753646658325053,146.28385006339334,58.755605670191734,2.0434140534720733,0.9622209821428571,10.096713265180014
170,9,10,24,8012.202485858994,0.2063917848510486,0,964.5479889916876,504.90855200969577,0.019430703202311946,0.043829362741014434,0.06567428041945773,8.790563409533445e-7,1.0111964308728439e-6,0.00267402201475273,61.03599513845733,1.663526520506032e6,0.08453539987313916,0.18334685117076183,28.753657943084853,146.28385066208992,58.755629257605385,2.0434140718341505,0.9622209821428571,10.096717157748182
171,9,11,24,8013.231863819132,0.2063920678789679,0,964.5483576390101,504.9090398794983,0.01944744547065192,0.04388313130638996,0.06578335196358279,8.790563462761255e-7,1.01119643547065e-6,0.0026740506892852663,61.00332543669772,1.6635265162985944e6,0.08460713191085024,0.18352236823557497,28.75366895538975,146.28385112600418,58.75565246647125,2.0434140963933496,0.9622209821428571,10.096721012076747
172,9,12,24,8012.319787216762,0.20636674205777117,0,964.5487495047672,504.90936833217086,0.019460027251572656,0.043938710752113946,0.06588124034457524,8.790563506818069e-7,1.0111964406554412e-6,0.0026740791817035665,60.983237063135604,1.6635265136928258e6,0.08464192236202302,0.18357175403748419,28.753687952941004,146.283851877464,58.75567722426736,2.0434136073406775,0.9622209821428571,10.096724403186217
173,9,13,24,8013.263458119374,0.20634386777011118,0,964.5491188528708,504.9096310850909,0.01947466050142091,0.04398640507188596,0.0659634823826422,8.790563557042805e-7,1.0111964455137728e-6,0.002674105582706978,60.95680454584514,1.663526510296513e6,0.08467325057386947,0.1836496608285745,28.753707567658065,146.28385255658128,58.75570058318627,2.0434130257787766,0.9622209821428571,10.096727433966517
174,9,14,24,8009.029843319211,0.2063220118982787,0,964.5493230980476,504.9098812683391,0.01948515258859235,0.04403908106965555,0.06605301158680334,8.790563582825298e-7,1.0111964489853585e-6,0.0026741231088228184,60.92713632370042,1.663526506469066e6,0.08476699385656015,0.18379689427251006,28.75371068772611,146.28385303076354,58.755713384568274,2.0434132492558224,0.9622209821428571,10.096729834646514
175,9,15,24,8010.1847266499935,0.20633084309730404,0,964.549541849934,504.91020309299216,0.019493178516681902,0.04408572187663653,0.06614260770913127,8.790563604907823e-7,1.0111964520925627e-6,0.002674141138934817,60.90984984706424,1.6635265042504417e6,0.08490896305151206,0.18400090492979573,28.75371455751179,146.2838534171447,58.755727113125,2.0434134516987235,0.9622209821428571,10.096732370455992
176,9,16,24,8012.259720077927,0.20634575282945258,0,964.5497778754793,504.9104497257192,0.019503555256320523,0.044123207066063666,0.0662137912559034,8.790563637032995e-7,1.011196455405744e-6,0.0026741586446843127,60.887678066484185,1.6635265014934016e6,0.08499936575905977,0.18416715430963884,28.753722776186933,146.28385379970072,58.75574198237741,2.0434133847543854,0.9622209821428571,10.096734716604631
177,9,17,24,8009.996172517811,0.20633502518935118,0,964.5500203022301,504.91070216216497,0.019514514238339477,0.044159482684237306,0.06628567012901206,8.79056366955374e-7,1.01119645821794e-6,0.002674177520823171,60.86553289477256,1.663526498664947e6,0.08508058243434963,0.18430609400389092,28.75373206658001,146.2838541840526,58.755757267010274,2.0434132560934977,0.9622209821428571,10.096737050155314
178,9,18,24,8011.921437784305,0.20632750069392397,0,964.5502626011813,504.9109451888929,0.01952420570657674,0.04419515478089332,0.06635515245339464,8.790563700345977e-7,1.0111964611797873e-6,0.0026741959944540546,60.847650398307955,1.6635264964070104e6,0.0851263169620154,0.18438894215373755,28.753742347549107,146.28385458877204,58.75577255759061,2.0434130572432703,0.9622209821428571,10.096739289735618
179,9,19,24,8009.966554536928,0.20632430502114055,0,964.5504688529578,504.9112377262046,0.01953371451446278,0.04422719055425725,0.066425799952847,8.790563728013472e-7,1.0111964632575172e-6,0.0026742129046795457,60.82906029961281,1.663526494027299e6,0.08519993373185343,0.18453035336929227,28.753747893689734,146.28385483027566,58.755785534407956,2.0434131144101197,0.9622209821428571,10.096741507241573
180,9,20,24,8012.671884886331,0.20630782558549754,0,964.5507292996817,504.9113856581541,0.019543599620766204,0.04426214030947485,0.06648040298947276,8.790563762203814e-7,1.0111964668958572e-6,0.002674231143121782,60.81342468012641,1.6635264920540815e6,0.08522587950199133,0.18456894312928773,28.753763673926567,146.28385536582556,58.75580203068305,2.0434125666812037,0.9622209821428571,10.096743458819375
181,10,1,24,135469.43750252447,0.20604407649690648,0,969.3858715584469,507.4380173520222,0.020186160136833445,0.04507969785347511,0.06731902478963978,8.834724119304774e-7,1.0162763050501581e-6,0.0026868630505010164,58.52244192332648,1.655209952712592e6,0.08473449661655555,0.18344828497307974,28.89780826650682,147.01875858049195,59.05031285476132,2.043418390425197,0.9622209821428571,10.096639422906462
182,10,2,24,8061.068580214269,0.20612194833607497,0,969.3897696518917,507.44115099729515,0.0202796900972565,0.04542404200922985,0.06783732116942472,8.834736445465967e-7,1.0162777519493856e-6,0.002687083949513091,58.34596711730244,1.655208950433037e6,0.08546664741205182,0.18423105912729473,28.8979655770042,147.01893609227469,59.05055649163643,2.0434156976997166,0.9622209821428571,10.096666200727588
183,10,3,24,8059.152792157609,0.20613258918956795,0,969.3911759816431,507.44235468180005,0.020327141748840805,0.045584838377549126,0.06813561960570656,8.834736629394933e-7,1.016277768200948e-6,0.002687184797292445,58.23948718566315,1.6552089288594124e6,0.08581446823871919,0.184968983032381,28.89800809372288,147.01893846903556,59.05064497601504,2.0434157532415465,0.9622209821428571,10.096680615664232
184,10,4,24,8059.780378625586,0.20609602100806326,0,969.3922659590312,507.4432626654047,0.0203652818835001,0.045721826032520355,0.06838313292810151,8.834736769422775e-7,1.0162777816420974e-6,0.0026872654751143457,58.16784967790122,1.6552089164242267e6,0.08601770388494495,0.18526502505341533,28.898053584756134,147.01894053064564,59.050713731279615,2.043414915751598,0.9622209821428571,10.096690657228834
185,10,5,24,8058.943969563679,0.20609313170800264,0,969.3930334533428,507.44384959604065,0.02038754833260905,0.04582119580231796,0.06856639964032371,8.834736860719647e-7,1.0162777913097599e-6,0.0026873186363142753,58.11904018155763,1.6552089084387005e6,0.08620885747364963,0.18552107464894457,28.89808452666068,147.01894187293001,59.05076213019043,2.0434144026297525,0.9622209821428571,10.09669781576513
186,10,6,24,8057.737494372006,0.20608020518550332,0,969.3936673738275,507.44422567421907,0.020405442488825212,0.0459091736785123,0.06870952109564517,8.834736929364478e-7,1.0162778003819876e-6,0.00268736163598933,58.08519026700728,1.655208903195835e6,0.086401212377456,0.18574546333498781,28.898115116315047,147.01894322987323,59.05080216465559,2.0434136249708965,0.9622209821428571,10.096703248308776
187,10,7,24,8061.007666502053,0.20610674228141146,0,969.3940926817977,507.444679331945,0.020418636590800912,0.045983704582381116,0.06884090654225855,8.834736981040099e-7,1.016277807348678e-6,0.0026873909422788717,58.05452128219301,1.6552088985131728e6,0.08653512658553357,0.18598167095288942,28.89812603156708,147.01894393821303,59.05082890200733,2.0434137783710518,0.9622209821428571,10.096707805832622
188,10,8,24,8057.712611324918,0.20611401350013234,0,969.3944652117685,507.44531593298234,0.02043311001581448,0.04605744799281647,0.06899141441835388,8.834737024275908e-7,1.0162778121957274e-6,0.0026874223474379214,58.0246190163107,1.6552088939830132e6,0.08670702013987025,0.1862234436008541,28.898129219875887,147.01894443912286,59.0508522425246,2.043414360605389,0.9622209821428571,10.096712430454623
189,10,9,24,8059.776937442159,0.2061268641045769,0,969.3949011660524,507.4456865015919,0.020454066512111468,0.04612847293582464,0.06910952400787057,8.834737093872555e-7,1.0162778193447877e-6,0.002687455120169641,57.98403527755188,1.6552088881980928e6,0.08687044132286331,0.1865156184196569,28.898149144491526,147.01894532213194,59.050879765444265,2.043413904128886,0.9622209821428571,10.096716293675325
190,10,10,24,8058.153090287204,0.20611146778577155,0,969.3952399973138,507.44606651162354,0.020465800768655763,0.04618366190360405,0.0692190441174182,8.834737130573468e-7,1.0162778236055289e-6,0.00268748039046671,57.96194336313618,1.65520888506332e6,0.08693259222996438,0.1866020993007838,28.898159346478256,147.0189458633642,59.050901089263476,2.0434139206329713,0.9622209821428571,10.096719795050435
191,10,11,24,8059.183474373291,0.2061115912762428,0,969.395573266539,507.4465075612289,0.02048159012909233,0.04623440895840781,0.06932203725804702,8.834737178692348e-7,1.0162778277620269e-6,0.002687506313201249,57.934174116467936,1.6552088812976633e6,0.08700193585925524,0.18676352368449556,28.89816930216679,147.0189462827509,59.05092207083815,2.043413942709876,0.9622209821428571,10.096723262025492
192,10,12,24,8058.272342086984,0.20608834630236594,0,969.3959275252132,507.4468044927587,0.02049345471896059,0.04628684968703092,0.06941444143840951,8.834737218520485e-7,1.01627783244917e-6,0.002687532071239296,57.91709899882136,1.6552088789655005e6,0.08703734022091829,0.18681102786431758,28.89818647666599,147.0189469620839,59.050944452646625,2.0434135027929057,0.9622209821428571,10.096726312330892
193,10,13,24,8059.216995227343,0.20606720947259502,0,969.3962614264215,507.44704202936066,0.020507250120656618,0.04633183797815159,0.06949204486206917,8.83473726392453e-7,1.016277836841187e-6,0.0026875559385191395,57.89463135895247,1.6552088759258008e6,0.08706946977092234,0.18688448758693196,28.89820420902619,147.01894757601778,59.05096556977545,2.0434129796664395,0.9622209821428571,10.096729038517772
194,10,14,24,8054.984398939883,0.20604755491575624,0,969.3964460692767,507.4472682020587,0.020517139449345172,0.04638151200718754,0.06957651141061048,8.834737287232356e-7,1.0162778399795617e-6,0.002687571782586204,57.86941336991916,1.6552088725002357e6,0.08715563108410755,0.18701789167006183,28.89820702968327,147.01894800468696,59.05097714255206,2.0434131806826934,0.9622209821428571,10.096731197932293
195,10,15,24,8056.14028378771,0.20605539041734638,0,969.396643826368,507.4475591394738,0.020524703776937894,0.046425481746803825,0.06966101087609493,8.834737307195349e-7,1.0162778427885288e-6,0.0026875880822546,57.854719864648146,1.6552088705145665e6,0.08728310440099352,0.18720182381541084,28.89821052811537,147.0189483539823,59.050989553505765,2.0434133627774096,0.9622209821428571,10.096733478893144
196,10,16,24,8058.216254984101,0.2060687181778618,0,969.3968571990847,507.4477821012712,0.020534482479720242,0.04646081528231304,0.0697281215140134,8.83473733623707e-7,1.0162778457837032e-6,0.002687603907876937,57.83587385098256,1.6552088680470157e6,0.08736624555488724,0.18735306459830955,28.898217958047628,147.0189486998196,59.05100299566469,2.0434133025569508,0.9622209821428571,10.096735589251482
197,10,17,24,8055.953681050734,0.20605887620080732,0,969.3970763583659,507.44801030959536,0.02054480860433354,0.04649500216049246,0.06979587542035792,8.834737365636396e-7,1.016277848325978e-6,0.002687620972338328,57.81705045483861,1.6552088655155485e6,0.08744020561462154,0.18747968123891398,28.898226356812096,147.01894904728047,59.05101681331978,2.043413186823483,0.9622209821428571,10.096737688277821
198,10,18,24,8057.879931976851,0.20605186340883996,0,969.3972954017723,507.4482300108957,0.02055393931087894,0.046528614508524885,0.06986135431736593,8.834737393473124e-7,1.0162778510035403e-6,0.002687637672895823,57.801850332683,1.6552088634946952e6,0.08748345990386587,0.18755611509460163,28.89823565105549,147.01894941315405,59.05103063632989,2.0434130079554906,0.9622209821428571,10.096739702776645
199,10,19,24,8055.926061611626,0.20604888079501862,0,969.397481857449,507.44849447028196,0.02056289666915893,0.04655879434711048,0.06992791294219931,8.834737418485025e-7,1.0162778528818441e-6,0.0026876529600737544,57.78604874861441,1.6552088613648533e6,0.08755057836089769,0.18768465314005245,28.89824066489559,147.01894963147765,59.051042367629,2.043413059375681,0.9622209821428571,10.096741697418901
200,10,20,24,8058.6323042231015,0.20603360476464566,0,969.3977173061094,507.4486282034719,0.02057220749619591,0.04659171522307613,0.06997934583452556,8.834737449393696e-7,1.0162778561709681e-6,0.002687669447964174,57.77275847189319,1.6552088595988236e6,0.08757660978668945,0.18772181752296818,28.89825493052912,147.01895011562428,59.05105728056718,2.0434125666939007,0.9622209821428571,10.096743452858327
